Id,Image
1,Recipe_01_Step_10.png
2,Recipe_01_Step_1.png
3,Recipe_01_Step_2.png
4,Recipe_01_Step_3.png
5,Recipe_01_Step_4.png
6,Recipe_01_Step_5.png
7,Recipe_01_Step_6.png
8,Recipe_01_Step_7.png
9,Recipe_01_Step_8.png
10,Recipe_01_Step_10.png
11,Recipe_02_Step_2.png
12,Recipe_02_Card_Reuben_Sandwich.png
13,Recipe_02_Step_1.png
14,Recipe_02_Step_2.png
15,Recipe_02_Step_3.png
16,Recipe_03_Card_Air_Fried_Hot_Dogs.png
17,Recipe_03_Step_1.png
18,Recipe_03_Step_2.png
19,Recipe_03_Step_3.png
20,Recipe_03_Step_4.png
21,Recipe_04_Card_Oat_Meal.png
22,Recipe_04_Step_1.png
23,Recipe_04_step_2.png
24,Recipe_04_step_3.png
25,Recipe_05_Card_Salmon.png
26,Recipe_05_Step_1.png
27,Recipe_05_Step_2.png
28,Recipe_05_Step_3.png
29,Recipe_05_Step_4.png
30,Recipe_05_Step_5.png